{
  "portfolio": {
    "total_return": 36.358567864747094,
    "max_dd": 13.947349389709075,
    "current_dd": 13.947349389709075,
    "sharpe_ratio": 1.3798546211968712,
    "avg_exposure": 15.542265784805872
  },
  "btc": {
    "total_return": 45.27072109577976,
    "max_dd": 16.041509551300138,
    "current_dd": 16.041509551300138,
    "sharpe_ratio": 1.4109999182914492,
    "avg_exposure": 15.452078340936914
  },
  "sol": {
    "total_return": 0.7099549406164529,
    "max_dd": 0.717938924837036,
    "current_dd": 0.717938924837036,
    "sharpe_ratio": 0.5120848494010537,
    "avg_exposure": 0.09018744386895788
  },
  "correlation": -0.004220158638266481,
  "trades": {
    "btc": 1982,
    "sol": 52,
    "total": 2034
  },
  "debug_info": {
    "portfolio_debug": {
      "name": "Portfolio",
      "length": 4309,
      "initial_value": 10000000.0,
      "final_value": 13635856.78647471,
      "min_value": 9998919.097066157,
      "max_value": 15605011.943718266,
      "mean_value": 12869880.193656538,
      "std_value": 1223551.4580526778,
      "negative_values": 0,
      "zero_values": 0,
      "inf_values": 0,
      "nan_values": 0,
      "total_return": 36.358567864747094,
      "max_drawdown": 13.947349389709075,
      "sharpe_ratio": 1.3798546211968712
    },
    "btc_debug": {
      "name": "BTC",
      "length": 4309,
      "initial_value": 8000000.0,
      "final_value": 11621657.687662382,
      "min_value": 7996100.0,
      "max_value": 13586968.536351992,
      "mean_value": 10858285.777835008,
      "std_value": 1217178.385468673,
      "negative_values": 0,
      "zero_values": 0,
      "inf_values": 0,
      "nan_values": 0,
      "total_return": 45.27072109577976,
      "max_drawdown": 16.041509551300138,
      "sharpe_ratio": 1.4109999182914492
    },
    "sol_debug": {
      "name": "SOL",
      "length": 4309,
      "initial_value": 2000000.0,
      "final_value": 2014199.098812329,
      "min_value": 1999264.3515142638,
      "max_value": 2026655.7902902195,
      "mean_value": 2011594.4158215304,
      "std_value": 8083.005912089982,
      "negative_values": 0,
      "zero_values": 0,
      "inf_values": 0,
      "nan_values": 0,
      "total_return": 0.7099549406164529,
      "max_drawdown": 0.717938924837036,
      "sharpe_ratio": 0.5120848494010537
    }
  }
}